{
  "NoSteam": "Вы должны открыть Steam, пожалуйста, откройте Steam и перезапустите RedM.",
  "NoInWhitelist": "Вас нету в белом списке.",
  "NoPermissions": "У вас недостаточно прав для выполнения этой функции.",

  "TitleOnDead": "Вы погибли!",
  "SubTitleOnDead": "Вы возродитесь через {0} секунд.",
  "SubTitlePressKey": "Нажмите ~e~E~q~, чтобы возродиться.",
  "YouAreCarried": "Вас несет человек, соблюдайте правила сервера."
}